cnt, time stamp, exercise, sample,                                 ACC X, ACC Y, ACC Z,                                 GYR X, GYR Y, GYR Z,                                 MAG X, MAG Y, MAG Z,                                 raw
323, -22110, 1, 1                384, 396, 846,                -3, -26, 0,                -96, -112, 52,                bytearray(b'\xa2\xa9\x80\x01\x8c\x01N\x03\xfd\xff\xe6\xff\x00\x00\xa0\xff\x90\xff4\x00')
324, -22104, 1, 1                389, 400, 843,                -3, -26, 0,                -94, -115, 46,                bytearray(b'\xa8\xa9\x85\x01\x90\x01K\x03\xfd\xff\xe6\xff\x00\x00\xa2\xff\x8d\xff.\x00')
325, -22098, 1, 1                389, 406, 846,                -4, -25, 0,                -85, -115, 54,                bytearray(b'\xae\xa9\x85\x01\x96\x01N\x03\xfc\xff\xe7\xff\x00\x00\xab\xff\x8d\xff6\x00')
326, -22092, 1, 1                383, 394, 843,                -4, -25, 0,                -100, -112, 43,                bytearray(b'\xb4\xa9\x7f\x01\x8a\x01K\x03\xfc\xff\xe7\xff\x00\x00\x9c\xff\x90\xff+\x00')
327, -22085, 1, 1                385, 395, 845,                -4, -25, 0,                -93, -112, 51,                bytearray(b'\xbb\xa9\x81\x01\x8b\x01M\x03\xfc\xff\xe7\xff\x00\x00\xa3\xff\x90\xff3\x00')
328, -22079, 1, 1                385, 396, 844,                -4, -25, 0,                -94, -106, 48,                bytearray(b'\xc1\xa9\x81\x01\x8c\x01L\x03\xfc\xff\xe7\xff\x00\x00\xa2\xff\x96\xff0\x00')
329, -22073, 1, 1                386, 399, 844,                -4, -25, 0,                -94, -112, 46,                bytearray(b'\xc7\xa9\x82\x01\x8f\x01L\x03\xfc\xff\xe7\xff\x00\x00\xa2\xff\x90\xff.\x00')
330, -22067, 1, 1                384, 397, 844,                -4, -25, 0,                -88, -115, 39,                bytearray(b"\xcd\xa9\x80\x01\x8d\x01L\x03\xfc\xff\xe7\xff\x00\x00\xa8\xff\x8d\xff\'\x00")
331, -22060, 1, 1                383, 395, 846,                -4, -25, 0,                -93, -117, 48,                bytearray(b'\xd4\xa9\x7f\x01\x8b\x01N\x03\xfc\xff\xe7\xff\x00\x00\xa3\xff\x8b\xff0\x00')
332, -22054, 1, 1                386, 397, 845,                -4, -25, 0,                -93, -111, 49,                bytearray(b'\xda\xa9\x82\x01\x8d\x01M\x03\xfc\xff\xe7\xff\x00\x00\xa3\xff\x91\xff1\x00')
333, -22048, 1, 1                385, 398, 843,                -4, -25, 0,                -88, -114, 45,                bytearray(b'\xe0\xa9\x81\x01\x8e\x01K\x03\xfc\xff\xe7\xff\x00\x00\xa8\xff\x8e\xff-\x00')
334, -22042, 1, 1                385, 397, 844,                -5, -25, 0,                -96, -111, 60,                bytearray(b'\xe6\xa9\x81\x01\x8d\x01L\x03\xfb\xff\xe7\xff\x00\x00\xa0\xff\x91\xff<\x00')
335, -22035, 1, 1                383, 396, 845,                -4, -25, 0,                -96, -111, 45,                bytearray(b'\xed\xa9\x7f\x01\x8c\x01M\x03\xfc\xff\xe7\xff\x00\x00\xa0\xff\x91\xff-\x00')
336, -22029, 1, 1                384, 397, 845,                -3, -25, 0,                -85, -121, 60,                bytearray(b'\xf3\xa9\x80\x01\x8d\x01M\x03\xfd\xff\xe7\xff\x00\x00\xab\xff\x87\xff<\x00')
337, -22023, 1, 1                385, 398, 844,                -4, -25, 0,                -94, -115, 51,                bytearray(b'\xf9\xa9\x81\x01\x8e\x01L\x03\xfc\xff\xe7\xff\x00\x00\xa2\xff\x8d\xff3\x00')
338, -22017, 1, 1                385, 398, 844,                -4, -25, 0,                -91, -109, 42,                bytearray(b'\xff\xa9\x81\x01\x8e\x01L\x03\xfc\xff\xe7\xff\x00\x00\xa5\xff\x93\xff*\x00')
339, -22010, 1, 1                385, 397, 844,                -4, -25, 0,                -90, -118, 43,                bytearray(b'\x06\xaa\x81\x01\x8d\x01L\x03\xfc\xff\xe7\xff\x00\x00\xa6\xff\x8a\xff+\x00')
340, -22004, 1, 1                386, 396, 844,                -4, -25, 0,                -94, -112, 49,                bytearray(b'\x0c\xaa\x82\x01\x8c\x01L\x03\xfc\xff\xe7\xff\x00\x00\xa2\xff\x90\xff1\x00')
341, -21998, 1, 1                386, 399, 844,                -3, -25, 0,                -91, -118, 43,                bytearray(b'\x12\xaa\x82\x01\x8f\x01L\x03\xfd\xff\xe7\xff\x00\x00\xa5\xff\x8a\xff+\x00')
342, -21992, 1, 1                384, 398, 845,                -4, -25, 0,                -91, -124, 55,                bytearray(b'\x18\xaa\x80\x01\x8e\x01M\x03\xfc\xff\xe7\xff\x00\x00\xa5\xff\x84\xff7\x00')
343, -21985, 1, 1                385, 397, 845,                -4, -25, 0,                -94, -114, 54,                bytearray(b'\x1f\xaa\x81\x01\x8d\x01M\x03\xfc\xff\xe7\xff\x00\x00\xa2\xff\x8e\xff6\x00')
344, -21979, 1, 1                385, 397, 844,                -4, -25, 0,                -90, -115, 52,                bytearray(b'%\xaa\x81\x01\x8d\x01L\x03\xfc\xff\xe7\xff\x00\x00\xa6\xff\x8d\xff4\x00')
345, -21973, 1, 1                386, 398, 844,                -4, -25, 0,                -93, -117, 58,                bytearray(b'+\xaa\x82\x01\x8e\x01L\x03\xfc\xff\xe7\xff\x00\x00\xa3\xff\x8b\xff:\x00')
346, -21967, 1, 1                384, 396, 845,                -4, -25, 0,                -90, -112, 46,                bytearray(b'1\xaa\x80\x01\x8c\x01M\x03\xfc\xff\xe7\xff\x00\x00\xa6\xff\x90\xff.\x00')
347, -21960, 1, 1                385, 399, 843,                -4, -25, 0,                -88, -117, 49,                bytearray(b'8\xaa\x81\x01\x8f\x01K\x03\xfc\xff\xe7\xff\x00\x00\xa8\xff\x8b\xff1\x00')
348, -21954, 1, 1                386, 397, 843,                -4, -25, 0,                -88, -121, 45,                bytearray(b'>\xaa\x82\x01\x8d\x01K\x03\xfc\xff\xe7\xff\x00\x00\xa8\xff\x87\xff-\x00')
349, -21948, 1, 1                384, 396, 847,                -4, -25, 0,                -93, -120, 52,                bytearray(b'D\xaa\x80\x01\x8c\x01O\x03\xfc\xff\xe7\xff\x00\x00\xa3\xff\x88\xff4\x00')
350, -21942, 1, 1                385, 399, 844,                -4, -25, 0,                -93, -118, 51,                bytearray(b'J\xaa\x81\x01\x8f\x01L\x03\xfc\xff\xe7\xff\x00\x00\xa3\xff\x8a\xff3\x00')
351, -21935, 1, 1                386, 396, 845,                -4, -25, 0,                -90, -115, 49,                bytearray(b'Q\xaa\x82\x01\x8c\x01M\x03\xfc\xff\xe7\xff\x00\x00\xa6\xff\x8d\xff1\x00')
352, -21929, 1, 1                384, 397, 845,                -4, -25, 0,                -96, -106, 49,                bytearray(b'W\xaa\x80\x01\x8d\x01M\x03\xfc\xff\xe7\xff\x00\x00\xa0\xff\x96\xff1\x00')
353, -21923, 1, 1                385, 397, 845,                -4, -25, 0,                -97, -112, 57,                bytearray(b']\xaa\x81\x01\x8d\x01M\x03\xfc\xff\xe7\xff\x00\x00\x9f\xff\x90\xff9\x00')
354, -21917, 1, 1                386, 397, 844,                -4, -25, 0,                -94, -109, 51,                bytearray(b'c\xaa\x82\x01\x8d\x01L\x03\xfc\xff\xe7\xff\x00\x00\xa2\xff\x93\xff3\x00')
355, -21910, 1, 1                383, 397, 845,                -5, -25, 0,                -90, -120, 52,                bytearray(b'j\xaa\x7f\x01\x8d\x01M\x03\xfb\xff\xe7\xff\x00\x00\xa6\xff\x88\xff4\x00')
356, -21904, 1, 1                381, 395, 846,                -4, -25, 0,                -91, -121, 54,                bytearray(b'p\xaa}\x01\x8b\x01N\x03\xfc\xff\xe7\xff\x00\x00\xa5\xff\x87\xff6\x00')
357, -21898, 1, 1                388, 398, 843,                -3, -25, 1,                -93, -111, 40,                bytearray(b'v\xaa\x84\x01\x8e\x01K\x03\xfd\xff\xe7\xff\x01\x00\xa3\xff\x91\xff(\x00')
358, -21892, 1, 1                387, 398, 842,                -4, -25, -1,                -97, -112, 43,                bytearray(b'|\xaa\x83\x01\x8e\x01J\x03\xfc\xff\xe7\xff\xff\xff\x9f\xff\x90\xff+\x00')
359, -21885, 1, 1                383, 399, 844,                -4, -25, 0,                -93, -120, 55,                bytearray(b'\x83\xaa\x7f\x01\x8f\x01L\x03\xfc\xff\xe7\xff\x00\x00\xa3\xff\x88\xff7\x00')
360, -21879, 1, 1                383, 394, 848,                -4, -25, 0,                -99, -114, 51,                bytearray(b'\x89\xaa\x7f\x01\x8a\x01P\x03\xfc\xff\xe7\xff\x00\x00\x9d\xff\x8e\xff3\x00')
361, -21873, 1, 1                383, 396, 847,                -3, -26, 0,                -96, -118, 48,                bytearray(b'\x8f\xaa\x7f\x01\x8c\x01O\x03\xfd\xff\xe6\xff\x00\x00\xa0\xff\x8a\xff0\x00')
362, -21867, 1, 1                386, 401, 843,                -3, -26, 0,                -93, -114, 51,                bytearray(b'\x95\xaa\x82\x01\x91\x01K\x03\xfd\xff\xe6\xff\x00\x00\xa3\xff\x8e\xff3\x00')
363, -21860, 1, 1                389, 397, 842,                -4, -25, 0,                -87, -117, 48,                bytearray(b'\x9c\xaa\x85\x01\x8d\x01J\x03\xfc\xff\xe7\xff\x00\x00\xa9\xff\x8b\xff0\x00')
364, -21854, 1, 1                386, 395, 846,                -4, -24, 0,                -90, -117, 49,                bytearray(b'\xa2\xaa\x82\x01\x8b\x01N\x03\xfc\xff\xe8\xff\x00\x00\xa6\xff\x8b\xff1\x00')
365, -21848, 1, 1                384, 398, 845,                -4, -25, 0,                -90, -115, 46,                bytearray(b'\xa8\xaa\x80\x01\x8e\x01M\x03\xfc\xff\xe7\xff\x00\x00\xa6\xff\x8d\xff.\x00')
366, -21842, 1, 1                382, 398, 846,                -4, -25, 0,                -102, -120, 57,                bytearray(b'\xae\xaa~\x01\x8e\x01N\x03\xfc\xff\xe7\xff\x00\x00\x9a\xff\x88\xff9\x00')
367, -21835, 1, 1                385, 398, 844,                -4, -25, 0,                -81, -114, 54,                bytearray(b'\xb5\xaa\x81\x01\x8e\x01L\x03\xfc\xff\xe7\xff\x00\x00\xaf\xff\x8e\xff6\x00')
386, -21717, 1, 2                386, 397, 843,                -4, -25, 0,                -94, -106, 49,                bytearray(b'+\xab\x82\x01\x8d\x01K\x03\xfc\xff\xe7\xff\x00\x00\xa2\xff\x96\xff1\x00')
387, -21710, 1, 2                388, 394, 844,                -4, -25, 0,                -88, -112, 54,                bytearray(b'2\xab\x84\x01\x8a\x01L\x03\xfc\xff\xe7\xff\x00\x00\xa8\xff\x90\xff6\x00')
388, -21704, 1, 2                379, 398, 846,                -4, -25, 0,                -93, -115, 43,                bytearray(b'8\xab{\x01\x8e\x01N\x03\xfc\xff\xe7\xff\x00\x00\xa3\xff\x8d\xff+\x00')
389, -21698, 1, 2                385, 404, 844,                -3, -26, 0,                -88, -120, 54,                bytearray(b'>\xab\x81\x01\x94\x01L\x03\xfd\xff\xe6\xff\x00\x00\xa8\xff\x88\xff6\x00')
390, -21692, 1, 2                386, 393, 844,                -4, -26, 0,                -96, -112, 43,                bytearray(b'D\xab\x82\x01\x89\x01L\x03\xfc\xff\xe6\xff\x00\x00\xa0\xff\x90\xff+\x00')
391, -21685, 1, 2                389, 395, 845,                -4, -25, 0,                -96, -112, 51,                bytearray(b'K\xab\x85\x01\x8b\x01M\x03\xfc\xff\xe7\xff\x00\x00\xa0\xff\x90\xff3\x00')
392, -21679, 1, 2                384, 401, 843,                -4, -24, 0,                -88, -118, 52,                bytearray(b'Q\xab\x80\x01\x91\x01K\x03\xfc\xff\xe8\xff\x00\x00\xa8\xff\x8a\xff4\x00')
393, -21673, 1, 2                380, 398, 845,                -5, -24, 0,                -94, -118, 48,                bytearray(b'W\xab|\x01\x8e\x01M\x03\xfb\xff\xe8\xff\x00\x00\xa2\xff\x8a\xff0\x00')
394, -21667, 1, 2                384, 394, 846,                -4, -26, 0,                -93, -120, 48,                bytearray(b']\xab\x80\x01\x8a\x01N\x03\xfc\xff\xe6\xff\x00\x00\xa3\xff\x88\xff0\x00')
395, -21660, 1, 2                387, 398, 843,                -2, -26, 0,                -93, -115, 60,                bytearray(b'd\xab\x83\x01\x8e\x01K\x03\xfe\xff\xe6\xff\x00\x00\xa3\xff\x8d\xff<\x00')
396, -21654, 1, 2                387, 399, 844,                -4, -25, 0,                -88, -109, 45,                bytearray(b'j\xab\x83\x01\x8f\x01L\x03\xfc\xff\xe7\xff\x00\x00\xa8\xff\x93\xff-\x00')
397, -21648, 1, 2                385, 397, 846,                -4, -24, 0,                -90, -121, 42,                bytearray(b'p\xab\x81\x01\x8d\x01N\x03\xfc\xff\xe8\xff\x00\x00\xa6\xff\x87\xff*\x00')
398, -21642, 1, 2                382, 397, 846,                -4, -25, 0,                -84, -123, 48,                bytearray(b'v\xab~\x01\x8d\x01N\x03\xfc\xff\xe7\xff\x00\x00\xac\xff\x85\xff0\x00')
399, -21635, 1, 2                386, 396, 845,                -4, -26, 0,                -94, -123, 48,                bytearray(b'}\xab\x82\x01\x8c\x01M\x03\xfc\xff\xe6\xff\x00\x00\xa2\xff\x85\xff0\x00')
400, -21629, 1, 2                388, 399, 842,                -4, -25, 0,                -99, -115, 43,                bytearray(b'\x83\xab\x84\x01\x8f\x01J\x03\xfc\xff\xe7\xff\x00\x00\x9d\xff\x8d\xff+\x00')
401, -21623, 1, 2                384, 396, 846,                -5, -25, 0,                -93, -114, 46,                bytearray(b'\x89\xab\x80\x01\x8c\x01N\x03\xfb\xff\xe7\xff\x00\x00\xa3\xff\x8e\xff.\x00')
402, -21617, 1, 2                383, 396, 847,                -4, -25, 0,                -94, -120, 57,                bytearray(b'\x8f\xab\x7f\x01\x8c\x01O\x03\xfc\xff\xe7\xff\x00\x00\xa2\xff\x88\xff9\x00')
403, -21610, 1, 2                384, 399, 844,                -4, -25, 0,                -88, -112, 51,                bytearray(b'\x96\xab\x80\x01\x8f\x01L\x03\xfc\xff\xe7\xff\x00\x00\xa8\xff\x90\xff3\x00')
404, -21604, 1, 2                388, 396, 844,                -5, -25, 0,                -103, -117, 51,                bytearray(b'\x9c\xab\x84\x01\x8c\x01L\x03\xfb\xff\xe7\xff\x00\x00\x99\xff\x8b\xff3\x00')
405, -21598, 1, 2                388, 395, 845,                -5, -25, 0,                -82, -123, 46,                bytearray(b'\xa2\xab\x84\x01\x8b\x01M\x03\xfb\xff\xe7\xff\x00\x00\xae\xff\x85\xff.\x00')
406, -21592, 1, 2                384, 398, 843,                -4, -25, 0,                -85, -117, 54,                bytearray(b'\xa8\xab\x80\x01\x8e\x01K\x03\xfc\xff\xe7\xff\x00\x00\xab\xff\x8b\xff6\x00')
407, -21585, 1, 2                382, 398, 845,                -4, -25, 0,                -91, -109, 58,                bytearray(b'\xaf\xab~\x01\x8e\x01M\x03\xfc\xff\xe7\xff\x00\x00\xa5\xff\x93\xff:\x00')
408, -21579, 1, 2                385, 396, 846,                -4, -25, 0,                -87, -118, 54,                bytearray(b'\xb5\xab\x81\x01\x8c\x01N\x03\xfc\xff\xe7\xff\x00\x00\xa9\xff\x8a\xff6\x00')
409, -21573, 1, 2                388, 398, 843,                -3, -26, 0,                -94, -118, 42,                bytearray(b'\xbb\xab\x84\x01\x8e\x01K\x03\xfd\xff\xe6\xff\x00\x00\xa2\xff\x8a\xff*\x00')
410, -21567, 1, 2                386, 396, 844,                -4, -25, 0,                -91, -120, 51,                bytearray(b'\xc1\xab\x82\x01\x8c\x01L\x03\xfc\xff\xe7\xff\x00\x00\xa5\xff\x88\xff3\x00')
427, -21460, 1, 3                363, 401, 853,                -6, -26, -1,                -96, -114, 52,                bytearray(b',\xack\x01\x91\x01U\x03\xfa\xff\xe6\xff\xff\xff\xa0\xff\x8e\xff4\x00')
428, -21454, 1, 3                385, 380, 839,                -4, -28, 4,                -93, -118, 45,                bytearray(b'2\xac\x81\x01|\x01G\x03\xfc\xff\xe4\xff\x04\x00\xa3\xff\x8a\xff-\x00')
429, -21448, 1, 3                405, 399, 836,                -3, -26, 0,                -94, -108, 49,                bytearray(b'8\xac\x95\x01\x8f\x01D\x03\xfd\xff\xe6\xff\x00\x00\xa2\xff\x94\xff1\x00')
430, -21442, 1, 3                398, 397, 833,                -3, -24, 0,                -102, -117, 61,                bytearray(b'>\xac\x8e\x01\x8d\x01A\x03\xfd\xff\xe8\xff\x00\x00\x9a\xff\x8b\xff=\x00')
431, -21435, 1, 3                382, 400, 851,                -7, -22, -1,                -96, -123, 51,                bytearray(b'E\xac~\x01\x90\x01S\x03\xf9\xff\xea\xff\xff\xff\xa0\xff\x85\xff3\x00')
432, -21429, 1, 3                369, 397, 852,                -4, -25, 0,                -84, -112, 60,                bytearray(b'K\xacq\x01\x8d\x01T\x03\xfc\xff\xe7\xff\x00\x00\xac\xff\x90\xff<\x00')
433, -21423, 1, 3                378, 403, 845,                -2, -28, 0,                -99, -120, 46,                bytearray(b'Q\xacz\x01\x93\x01M\x03\xfe\xff\xe4\xff\x00\x00\x9d\xff\x88\xff.\x00')
434, -21417, 1, 3                397, 397, 839,                -7, -26, 0,                -94, -117, 51,                bytearray(b'W\xac\x8d\x01\x8d\x01G\x03\xf9\xff\xe6\xff\x00\x00\xa2\xff\x8b\xff3\x00')
435, -21410, 1, 3                397, 392, 843,                -6, -24, 0,                -88, -114, 45,                bytearray(b'^\xac\x8d\x01\x88\x01K\x03\xfa\xff\xe8\xff\x00\x00\xa8\xff\x8e\xff-\x00')
436, -21404, 1, 3                377, 398, 846,                -3, -23, 0,                -88, -105, 48,                bytearray(b'd\xacy\x01\x8e\x01N\x03\xfd\xff\xe9\xff\x00\x00\xa8\xff\x97\xff0\x00')
437, -21398, 1, 3                373, 400, 848,                -4, -25, 0,                -96, -120, 57,                bytearray(b'j\xacu\x01\x90\x01P\x03\xfc\xff\xe7\xff\x00\x00\xa0\xff\x88\xff9\x00')
438, -21392, 1, 3                384, 397, 845,                -4, -28, 1,                -91, -115, 54,                bytearray(b'p\xac\x80\x01\x8d\x01M\x03\xfc\xff\xe4\xff\x01\x00\xa5\xff\x8d\xff6\x00')
439, -21385, 1, 3                394, 395, 841,                -4, -26, 0,                -99, -118, 46,                bytearray(b'w\xac\x8a\x01\x8b\x01I\x03\xfc\xff\xe6\xff\x00\x00\x9d\xff\x8a\xff.\x00')
440, -21379, 1, 3                390, 396, 843,                -5, -25, 0,                -93, -111, 40,                bytearray(b'}\xac\x86\x01\x8c\x01K\x03\xfb\xff\xe7\xff\x00\x00\xa3\xff\x91\xff(\x00')
441, -21373, 1, 3                383, 398, 846,                -4, -24, 0,                -84, -115, 51,                bytearray(b'\x83\xac\x7f\x01\x8e\x01N\x03\xfc\xff\xe8\xff\x00\x00\xac\xff\x8d\xff3\x00')
442, -21367, 1, 3                379, 400, 847,                -4, -25, 0,                -88, -112, 51,                bytearray(b'\x89\xac{\x01\x90\x01O\x03\xfc\xff\xe7\xff\x00\x00\xa8\xff\x90\xff3\x00')
443, -21360, 1, 3                383, 395, 847,                -5, -26, 0,                -96, -112, 45,                bytearray(b'\x90\xac\x7f\x01\x8b\x01O\x03\xfb\xff\xe6\xff\x00\x00\xa0\xff\x90\xff-\x00')
444, -21354, 1, 3                391, 397, 841,                -3, -25, 0,                -94, -111, 57,                bytearray(b'\x96\xac\x87\x01\x8d\x01I\x03\xfd\xff\xe7\xff\x00\x00\xa2\xff\x91\xff9\x00')
445, -21348, 1, 3                388, 397, 844,                -5, -24, 0,                -94, -109, 49,                bytearray(b'\x9c\xac\x84\x01\x8d\x01L\x03\xfb\xff\xe8\xff\x00\x00\xa2\xff\x93\xff1\x00')
446, -21342, 1, 3                381, 395, 848,                -4, -24, 0,                -94, -112, 51,                bytearray(b'\xa2\xac}\x01\x8b\x01P\x03\xfc\xff\xe8\xff\x00\x00\xa2\xff\x90\xff3\x00')
447, -21335, 1, 3                382, 399, 845,                -4, -26, 0,                -103, -108, 58,                bytearray(b'\xa9\xac~\x01\x8f\x01M\x03\xfc\xff\xe6\xff\x00\x00\x99\xff\x94\xff:\x00')
448, -21329, 1, 3                389, 398, 842,                -4, -26, 0,                -85, -118, 55,                bytearray(b'\xaf\xac\x85\x01\x8e\x01J\x03\xfc\xff\xe6\xff\x00\x00\xab\xff\x8a\xff7\x00')
449, -21323, 1, 3                385, 395, 846,                -4, -24, 0,                -84, -114, 49,                bytearray(b'\xb5\xac\x81\x01\x8b\x01N\x03\xfc\xff\xe8\xff\x00\x00\xac\xff\x8e\xff1\x00')
450, -21317, 1, 3                385, 399, 844,                -3, -25, 0,                -84, -118, 55,                bytearray(b'\xbb\xac\x81\x01\x8f\x01L\x03\xfd\xff\xe7\xff\x00\x00\xac\xff\x8a\xff7\x00')
451, -21310, 1, 3                383, 400, 844,                -4, -25, 0,                -88, -111, 49,                bytearray(b'\xc2\xac\x7f\x01\x90\x01L\x03\xfc\xff\xe7\xff\x00\x00\xa8\xff\x91\xff1\x00')
610, -20317, 2, 1                382, 391, 842,                -2, -24, 0,                -87, -120, 58,                bytearray(b'\xa3\xb0~\x01\x87\x01J\x03\xfe\xff\xe8\xff\x00\x00\xa9\xff\x88\xff:\x00')
611, -20310, 2, 1                385, 404, 842,                -1, -25, 0,                -82, -103, 51,                bytearray(b'\xaa\xb0\x81\x01\x94\x01J\x03\xff\xff\xe7\xff\x00\x00\xae\xff\x99\xff3\x00')
612, -20304, 2, 1                387, 402, 842,                -3, -25, 0,                -94, -109, 45,                bytearray(b'\xb0\xb0\x83\x01\x92\x01J\x03\xfd\xff\xe7\xff\x00\x00\xa2\xff\x93\xff-\x00')
613, -20298, 2, 1                386, 394, 847,                -5, -24, 0,                -87, -111, 57,                bytearray(b'\xb6\xb0\x82\x01\x8a\x01O\x03\xfb\xff\xe8\xff\x00\x00\xa9\xff\x91\xff9\x00')
614, -20292, 2, 1                384, 400, 843,                -2, -25, 0,                -94, -112, 45,                bytearray(b'\xbc\xb0\x80\x01\x90\x01K\x03\xfe\xff\xe7\xff\x00\x00\xa2\xff\x90\xff-\x00')
615, -20285, 2, 1                381, 400, 843,                -4, -26, 0,                -90, -118, 49,                bytearray(b'\xc3\xb0}\x01\x90\x01K\x03\xfc\xff\xe6\xff\x00\x00\xa6\xff\x8a\xff1\x00')
616, -20279, 2, 1                383, 393, 846,                -4, -25, 0,                -97, -120, 49,                bytearray(b'\xc9\xb0\x7f\x01\x89\x01N\x03\xfc\xff\xe7\xff\x00\x00\x9f\xff\x88\xff1\x00')
617, -20273, 2, 1                387, 395, 842,                -2, -26, 0,                -97, -109, 54,                bytearray(b'\xcf\xb0\x83\x01\x8b\x01J\x03\xfe\xff\xe6\xff\x00\x00\x9f\xff\x93\xff6\x00')
618, -20267, 2, 1                387, 400, 840,                -2, -25, 0,                -100, -120, 49,                bytearray(b'\xd5\xb0\x83\x01\x90\x01H\x03\xfe\xff\xe7\xff\x00\x00\x9c\xff\x88\xff1\x00')
619, -20260, 2, 1                383, 396, 845,                -4, -25, 0,                -94, -115, 57,                bytearray(b'\xdc\xb0\x7f\x01\x8c\x01M\x03\xfc\xff\xe7\xff\x00\x00\xa2\xff\x8d\xff9\x00')
620, -20254, 2, 1                384, 395, 846,                -4, -25, 0,                -90, -118, 54,                bytearray(b'\xe2\xb0\x80\x01\x8b\x01N\x03\xfc\xff\xe7\xff\x00\x00\xa6\xff\x8a\xff6\x00')
621, -20248, 2, 1                384, 398, 844,                -3, -26, 0,                -84, -117, 58,                bytearray(b'\xe8\xb0\x80\x01\x8e\x01L\x03\xfd\xff\xe6\xff\x00\x00\xac\xff\x8b\xff:\x00')
622, -20242, 2, 1                384, 397, 845,                -4, -25, 0,                -99, -111, 45,                bytearray(b'\xee\xb0\x80\x01\x8d\x01M\x03\xfc\xff\xe7\xff\x00\x00\x9d\xff\x91\xff-\x00')
623, -20235, 2, 1                386, 396, 842,                -4, -25, 0,                -84, -109, 46,                bytearray(b'\xf5\xb0\x82\x01\x8c\x01J\x03\xfc\xff\xe7\xff\x00\x00\xac\xff\x93\xff.\x00')
624, -20229, 2, 1                387, 394, 845,                -4, -25, 0,                -93, -108, 51,                bytearray(b'\xfb\xb0\x83\x01\x8a\x01M\x03\xfc\xff\xe7\xff\x00\x00\xa3\xff\x94\xff3\x00')
625, -20223, 2, 1                385, 398, 844,                -3, -25, 0,                -91, -108, 54,                bytearray(b'\x01\xb1\x81\x01\x8e\x01L\x03\xfd\xff\xe7\xff\x00\x00\xa5\xff\x94\xff6\x00')
626, -20217, 2, 1                386, 400, 843,                -5, -25, 0,                -81, -118, 46,                bytearray(b'\x07\xb1\x82\x01\x90\x01K\x03\xfb\xff\xe7\xff\x00\x00\xaf\xff\x8a\xff.\x00')
627, -20210, 2, 1                383, 396, 846,                -4, -25, 0,                -93, -115, 43,                bytearray(b'\x0e\xb1\x7f\x01\x8c\x01N\x03\xfc\xff\xe7\xff\x00\x00\xa3\xff\x8d\xff+\x00')
628, -20204, 2, 1                382, 396, 847,                -4, -25, 0,                -90, -120, 49,                bytearray(b'\x14\xb1~\x01\x8c\x01O\x03\xfc\xff\xe7\xff\x00\x00\xa6\xff\x88\xff1\x00')
629, -20198, 2, 1                389, 399, 841,                -3, -26, 0,                -91, -111, 61,                bytearray(b'\x1a\xb1\x85\x01\x8f\x01I\x03\xfd\xff\xe6\xff\x00\x00\xa5\xff\x91\xff=\x00')
630, -20192, 2, 1                386, 396, 843,                -5, -25, 0,                -91, -121, 43,                bytearray(b' \xb1\x82\x01\x8c\x01K\x03\xfb\xff\xe7\xff\x00\x00\xa5\xff\x87\xff+\x00')
631, -20185, 2, 1                382, 395, 847,                -4, -25, 0,                -91, -109, 46,                bytearray(b"\'\xb1~\x01\x8b\x01O\x03\xfc\xff\xe7\xff\x00\x00\xa5\xff\x93\xff.\x00")
632, -20179, 2, 1                383, 397, 845,                -4, -25, 0,                -97, -123, 61,                bytearray(b'-\xb1\x7f\x01\x8d\x01M\x03\xfc\xff\xe7\xff\x00\x00\x9f\xff\x85\xff=\x00')
633, -20173, 2, 1                384, 397, 845,                -4, -25, 0,                -85, -114, 57,                bytearray(b'3\xb1\x80\x01\x8d\x01M\x03\xfc\xff\xe7\xff\x00\x00\xab\xff\x8e\xff9\x00')
634, -20167, 2, 1                385, 396, 845,                -4, -25, 0,                -91, -120, 49,                bytearray(b'9\xb1\x81\x01\x8c\x01M\x03\xfc\xff\xe7\xff\x00\x00\xa5\xff\x88\xff1\x00')
635, -20160, 2, 1                388, 397, 842,                -2, -25, 0,                -94, -114, 49,                bytearray(b'@\xb1\x84\x01\x8d\x01J\x03\xfe\xff\xe7\xff\x00\x00\xa2\xff\x8e\xff1\x00')
636, -20154, 2, 1                386, 397, 843,                -4, -24, 0,                -97, -121, 52,                bytearray(b'F\xb1\x82\x01\x8d\x01K\x03\xfc\xff\xe8\xff\x00\x00\x9f\xff\x87\xff4\x00')
637, -20148, 2, 1                383, 397, 847,                -4, -25, 0,                -97, -121, 51,                bytearray(b'L\xb1\x7f\x01\x8d\x01O\x03\xfc\xff\xe7\xff\x00\x00\x9f\xff\x87\xff3\x00')
638, -20142, 2, 1                388, 399, 843,                -3, -26, 0,                -90, -111, 51,                bytearray(b'R\xb1\x84\x01\x8f\x01K\x03\xfd\xff\xe6\xff\x00\x00\xa6\xff\x91\xff3\x00')
639, -20135, 2, 1                387, 397, 844,                -4, -25, 0,                -88, -120, 48,                bytearray(b'Y\xb1\x83\x01\x8d\x01L\x03\xfc\xff\xe7\xff\x00\x00\xa8\xff\x88\xff0\x00')
640, -20129, 2, 1                383, 396, 847,                -4, -24, 0,                -85, -112, 52,                bytearray(b'_\xb1\x7f\x01\x8c\x01O\x03\xfc\xff\xe8\xff\x00\x00\xab\xff\x90\xff4\x00')
641, -20123, 2, 1                384, 397, 845,                -3, -26, 0,                -87, -115, 57,                bytearray(b'e\xb1\x80\x01\x8d\x01M\x03\xfd\xff\xe6\xff\x00\x00\xa9\xff\x8d\xff9\x00')
642, -20117, 2, 1                388, 399, 843,                -4, -25, 0,                -91, -112, 54,                bytearray(b'k\xb1\x84\x01\x8f\x01K\x03\xfc\xff\xe7\xff\x00\x00\xa5\xff\x90\xff6\x00')
643, -20110, 2, 1                385, 398, 845,                -4, -25, 0,                -91, -114, 48,                bytearray(b'r\xb1\x81\x01\x8e\x01M\x03\xfc\xff\xe7\xff\x00\x00\xa5\xff\x8e\xff0\x00')
644, -20104, 2, 1                384, 398, 845,                -4, -25, 0,                -96, -121, 58,                bytearray(b'x\xb1\x80\x01\x8e\x01M\x03\xfc\xff\xe7\xff\x00\x00\xa0\xff\x87\xff:\x00')
645, -20098, 2, 1                385, 397, 845,                -4, -25, 0,                -93, -118, 52,                bytearray(b'~\xb1\x81\x01\x8d\x01M\x03\xfc\xff\xe7\xff\x00\x00\xa3\xff\x8a\xff4\x00')
646, -20092, 2, 1                386, 397, 844,                -4, -25, 0,                -90, -112, 61,                bytearray(b'\x84\xb1\x82\x01\x8d\x01L\x03\xfc\xff\xe7\xff\x00\x00\xa6\xff\x90\xff=\x00')
647, -20085, 2, 1                385, 397, 844,                -4, -25, 0,                -90, -114, 42,                bytearray(b'\x8b\xb1\x81\x01\x8d\x01L\x03\xfc\xff\xe7\xff\x00\x00\xa6\xff\x8e\xff*\x00')
648, -20079, 2, 1                385, 396, 845,                -4, -25, 0,                -91, -115, 49,                bytearray(b'\x91\xb1\x81\x01\x8c\x01M\x03\xfc\xff\xe7\xff\x00\x00\xa5\xff\x8d\xff1\x00')
649, -20073, 2, 1                384, 397, 845,                -4, -25, 0,                -96, -115, 54,                bytearray(b'\x97\xb1\x80\x01\x8d\x01M\x03\xfc\xff\xe7\xff\x00\x00\xa0\xff\x8d\xff6\x00')
650, -20067, 2, 1                385, 398, 843,                -4, -25, 0,                -90, -115, 46,                bytearray(b'\x9d\xb1\x81\x01\x8e\x01K\x03\xfc\xff\xe7\xff\x00\x00\xa6\xff\x8d\xff.\x00')
651, -20060, 2, 1                387, 396, 843,                -4, -25, 0,                -96, -117, 57,                bytearray(b'\xa4\xb1\x83\x01\x8c\x01K\x03\xfc\xff\xe7\xff\x00\x00\xa0\xff\x8b\xff9\x00')
652, -20054, 2, 1                383, 396, 845,                -4, -25, 0,                -99, -112, 39,                bytearray(b"\xaa\xb1\x7f\x01\x8c\x01M\x03\xfc\xff\xe7\xff\x00\x00\x9d\xff\x90\xff\'\x00")
653, -20048, 2, 1                381, 398, 847,                -4, -25, 0,                -88, -111, 42,                bytearray(b'\xb0\xb1}\x01\x8e\x01O\x03\xfc\xff\xe7\xff\x00\x00\xa8\xff\x91\xff*\x00')
654, -20042, 2, 1                386, 396, 843,                -4, -26, 0,                -97, -109, 48,                bytearray(b'\xb6\xb1\x82\x01\x8c\x01K\x03\xfc\xff\xe6\xff\x00\x00\x9f\xff\x93\xff0\x00')
655, -20035, 2, 1                389, 396, 843,                -4, -26, 0,                -100, -114, 54,                bytearray(b'\xbd\xb1\x85\x01\x8c\x01K\x03\xfc\xff\xe6\xff\x00\x00\x9c\xff\x8e\xff6\x00')
656, -20029, 2, 1                386, 398, 844,                -4, -25, 0,                -91, -120, 46,                bytearray(b'\xc3\xb1\x82\x01\x8e\x01L\x03\xfc\xff\xe7\xff\x00\x00\xa5\xff\x88\xff.\x00')
657, -20023, 2, 1                383, 396, 846,                -4, -25, 0,                -90, -114, 51,                bytearray(b'\xc9\xb1\x7f\x01\x8c\x01N\x03\xfc\xff\xe7\xff\x00\x00\xa6\xff\x8e\xff3\x00')
658, -20017, 2, 1                382, 396, 846,                -4, -25, 0,                -96, -106, 55,                bytearray(b'\xcf\xb1~\x01\x8c\x01N\x03\xfc\xff\xe7\xff\x00\x00\xa0\xff\x96\xff7\x00')
659, -20010, 2, 1                386, 399, 842,                -2, -26, 0,                -93, -111, 52,                bytearray(b'\xd6\xb1\x82\x01\x8f\x01J\x03\xfe\xff\xe6\xff\x00\x00\xa3\xff\x91\xff4\x00')
660, -20004, 2, 1                389, 395, 843,                -4, -25, 0,                -87, -115, 49,                bytearray(b'\xdc\xb1\x85\x01\x8b\x01K\x03\xfc\xff\xe7\xff\x00\x00\xa9\xff\x8d\xff1\x00')
661, -19998, 2, 1                385, 398, 845,                -4, -24, 0,                -85, -114, 40,                bytearray(b'\xe2\xb1\x81\x01\x8e\x01M\x03\xfc\xff\xe8\xff\x00\x00\xab\xff\x8e\xff(\x00')
662, -19992, 2, 1                380, 400, 845,                -4, -25, 0,                -88, -114, 43,                bytearray(b'\xe8\xb1|\x01\x90\x01M\x03\xfc\xff\xe7\xff\x00\x00\xa8\xff\x8e\xff+\x00')
663, -19985, 2, 1                382, 398, 845,                -5, -26, 0,                -93, -115, 49,                bytearray(b'\xef\xb1~\x01\x8e\x01M\x03\xfb\xff\xe6\xff\x00\x00\xa3\xff\x8d\xff1\x00')
686, -19842, 2, 2                381, 398, 845,                -3, -25, 0,                -96, -118, 52,                bytearray(b'~\xb2}\x01\x8e\x01M\x03\xfd\xff\xe7\xff\x00\x00\xa0\xff\x8a\xff4\x00')
687, -19835, 2, 2                383, 395, 845,                -4, -25, 0,                -94, -117, 46,                bytearray(b'\x85\xb2\x7f\x01\x8b\x01M\x03\xfc\xff\xe7\xff\x00\x00\xa2\xff\x8b\xff.\x00')
688, -19829, 2, 2                385, 397, 845,                -4, -25, 0,                -93, -109, 57,                bytearray(b'\x8b\xb2\x81\x01\x8d\x01M\x03\xfc\xff\xe7\xff\x00\x00\xa3\xff\x93\xff9\x00')
689, -19823, 2, 2                387, 396, 842,                -4, -25, 0,                -94, -117, 51,                bytearray(b'\x91\xb2\x83\x01\x8c\x01J\x03\xfc\xff\xe7\xff\x00\x00\xa2\xff\x8b\xff3\x00')
690, -19817, 2, 2                384, 399, 845,                -4, -24, 0,                -88, -112, 49,                bytearray(b'\x97\xb2\x80\x01\x8f\x01M\x03\xfc\xff\xe8\xff\x00\x00\xa8\xff\x90\xff1\x00')
691, -19810, 2, 2                382, 396, 846,                -4, -25, 0,                -84, -109, 48,                bytearray(b'\x9e\xb2~\x01\x8c\x01N\x03\xfc\xff\xe7\xff\x00\x00\xac\xff\x93\xff0\x00')
692, -19804, 2, 2                386, 399, 844,                -4, -26, 0,                -94, -115, 46,                bytearray(b'\xa4\xb2\x82\x01\x8f\x01L\x03\xfc\xff\xe6\xff\x00\x00\xa2\xff\x8d\xff.\x00')
693, -19798, 2, 2                389, 398, 843,                -4, -25, 0,                -102, -121, 54,                bytearray(b'\xaa\xb2\x85\x01\x8e\x01K\x03\xfc\xff\xe7\xff\x00\x00\x9a\xff\x87\xff6\x00')
694, -19792, 2, 2                385, 395, 844,                -6, -24, 0,                -85, -121, 54,                bytearray(b'\xb0\xb2\x81\x01\x8b\x01L\x03\xfa\xff\xe8\xff\x00\x00\xab\xff\x87\xff6\x00')
695, -19785, 2, 2                383, 397, 846,                -3, -25, 0,                -100, -115, 54,                bytearray(b'\xb7\xb2\x7f\x01\x8d\x01N\x03\xfd\xff\xe7\xff\x00\x00\x9c\xff\x8d\xff6\x00')
696, -19779, 2, 2                383, 399, 844,                -3, -25, 0,                -90, -115, 43,                bytearray(b'\xbd\xb2\x7f\x01\x8f\x01L\x03\xfd\xff\xe7\xff\x00\x00\xa6\xff\x8d\xff+\x00')
697, -19773, 2, 2                387, 397, 843,                -4, -25, 0,                -102, -103, 48,                bytearray(b'\xc3\xb2\x83\x01\x8d\x01K\x03\xfc\xff\xe7\xff\x00\x00\x9a\xff\x99\xff0\x00')
707, -19710, 2, 3                386, 398, 846,                -4, -25, 0,                -85, -117, 52,                bytearray(b'\x02\xb3\x82\x01\x8e\x01N\x03\xfc\xff\xe7\xff\x00\x00\xab\xff\x8b\xff4\x00')
708, -19704, 2, 3                387, 401, 846,                -4, -24, 0,                -94, -105, 51,                bytearray(b'\x08\xb3\x83\x01\x91\x01N\x03\xfc\xff\xe8\xff\x00\x00\xa2\xff\x97\xff3\x00')
709, -19698, 2, 3                378, 396, 848,                -5, -25, 0,                -88, -108, 54,                bytearray(b'\x0e\xb3z\x01\x8c\x01P\x03\xfb\xff\xe7\xff\x00\x00\xa8\xff\x94\xff6\x00')
710, -19692, 2, 3                386, 395, 844,                -4, -26, 1,                -99, -117, 58,                bytearray(b'\x14\xb3\x82\x01\x8b\x01L\x03\xfc\xff\xe6\xff\x01\x00\x9d\xff\x8b\xff:\x00')
711, -19685, 2, 3                388, 396, 843,                -5, -25, 0,                -97, -117, 46,                bytearray(b'\x1b\xb3\x84\x01\x8c\x01K\x03\xfb\xff\xe7\xff\x00\x00\x9f\xff\x8b\xff.\x00')
712, -19679, 2, 3                384, 396, 845,                -4, -25, 0,                -90, -118, 52,                bytearray(b'!\xb3\x80\x01\x8c\x01M\x03\xfc\xff\xe7\xff\x00\x00\xa6\xff\x8a\xff4\x00')
713, -19673, 2, 3                385, 399, 844,                -2, -25, 0,                -96, -108, 45,                bytearray(b"\'\xb3\x81\x01\x8f\x01L\x03\xfe\xff\xe7\xff\x00\x00\xa0\xff\x94\xff-\x00")
714, -19667, 2, 3                386, 398, 844,                -5, -25, -1,                -84, -121, 51,                bytearray(b'-\xb3\x82\x01\x8e\x01L\x03\xfb\xff\xe7\xff\xff\xff\xac\xff\x87\xff3\x00')
715, -19660, 2, 3                384, 395, 848,                -4, -25, 0,                -103, -111, 54,                bytearray(b'4\xb3\x80\x01\x8b\x01P\x03\xfc\xff\xe7\xff\x00\x00\x99\xff\x91\xff6\x00')
716, -19654, 2, 3                386, 400, 844,                -2, -25, 0,                -93, -118, 61,                bytearray(b':\xb3\x82\x01\x90\x01L\x03\xfe\xff\xe7\xff\x00\x00\xa3\xff\x8a\xff=\x00')
717, -19648, 2, 3                386, 399, 843,                -4, -25, 0,                -88, -114, 49,                bytearray(b'@\xb3\x82\x01\x8f\x01K\x03\xfc\xff\xe7\xff\x00\x00\xa8\xff\x8e\xff1\x00')
775, -19285, 3, 1                382, 394, 846,                -4, -25, 0,                -90, -112, 46,                bytearray(b'\xab\xb4~\x01\x8a\x01N\x03\xfc\xff\xe7\xff\x00\x00\xa6\xff\x90\xff.\x00')
776, -19279, 3, 1                387, 404, 848,                -4, -25, -1,                -88, -111, 43,                bytearray(b'\xb1\xb4\x83\x01\x94\x01P\x03\xfc\xff\xe7\xff\xff\xff\xa8\xff\x91\xff+\x00')
777, -19273, 3, 1                384, 395, 843,                -3, -25, 1,                -97, -123, 46,                bytearray(b'\xb7\xb4\x80\x01\x8b\x01K\x03\xfd\xff\xe7\xff\x01\x00\x9f\xff\x85\xff.\x00')
778, -19267, 3, 1                387, 395, 841,                -4, -25, 0,                -85, -118, 43,                bytearray(b'\xbd\xb4\x83\x01\x8b\x01I\x03\xfc\xff\xe7\xff\x00\x00\xab\xff\x8a\xff+\x00')
779, -19260, 3, 1                384, 395, 849,                -4, -24, 0,                -94, -112, 52,                bytearray(b'\xc4\xb4\x80\x01\x8b\x01Q\x03\xfc\xff\xe8\xff\x00\x00\xa2\xff\x90\xff4\x00')
780, -19254, 3, 1                381, 399, 846,                -3, -25, 0,                -97, -115, 55,                bytearray(b'\xca\xb4}\x01\x8f\x01N\x03\xfd\xff\xe7\xff\x00\x00\x9f\xff\x8d\xff7\x00')
781, -19248, 3, 1                385, 400, 843,                -4, -26, 0,                -93, -118, 46,                bytearray(b'\xd0\xb4\x81\x01\x90\x01K\x03\xfc\xff\xe6\xff\x00\x00\xa3\xff\x8a\xff.\x00')
782, -19242, 3, 1                387, 397, 845,                -4, -25, 0,                -88, -114, 46,                bytearray(b'\xd6\xb4\x83\x01\x8d\x01M\x03\xfc\xff\xe7\xff\x00\x00\xa8\xff\x8e\xff.\x00')
783, -19235, 3, 1                385, 395, 846,                -4, -25, 0,                -96, -117, 49,                bytearray(b'\xdd\xb4\x81\x01\x8b\x01N\x03\xfc\xff\xe7\xff\x00\x00\xa0\xff\x8b\xff1\x00')
793, -19173, 3, 2                387, 394, 847,                -3, -25, 0,                -102, -114, 43,                bytearray(b'\x1b\xb5\x83\x01\x8a\x01O\x03\xfd\xff\xe7\xff\x00\x00\x9a\xff\x8e\xff+\x00')
794, -19167, 3, 2                382, 395, 844,                -3, -25, 0,                -96, -121, 48,                bytearray(b'!\xb5~\x01\x8b\x01L\x03\xfd\xff\xe7\xff\x00\x00\xa0\xff\x87\xff0\x00')
795, -19160, 3, 2                386, 402, 844,                -3, -25, 0,                -87, -120, 52,                bytearray(b'(\xb5\x82\x01\x92\x01L\x03\xfd\xff\xe7\xff\x00\x00\xa9\xff\x88\xff4\x00')
796, -19154, 3, 2                386, 391, 845,                -5, -25, 0,                -88, -111, 49,                bytearray(b'.\xb5\x82\x01\x87\x01M\x03\xfb\xff\xe7\xff\x00\x00\xa8\xff\x91\xff1\x00')
797, -19148, 3, 2                384, 396, 847,                -2, -25, 0,                -85, -109, 43,                bytearray(b'4\xb5\x80\x01\x8c\x01O\x03\xfe\xff\xe7\xff\x00\x00\xab\xff\x93\xff+\x00')
798, -19142, 3, 2                382, 402, 845,                -3, -25, 0,                -94, -118, 45,                bytearray(b':\xb5~\x01\x92\x01M\x03\xfd\xff\xe7\xff\x00\x00\xa2\xff\x8a\xff-\x00')
799, -19135, 3, 2                385, 397, 844,                -4, -25, 0,                -93, -112, 45,                bytearray(b'A\xb5\x81\x01\x8d\x01L\x03\xfc\xff\xe7\xff\x00\x00\xa3\xff\x90\xff-\x00')
807, -19085, 3, 3                381, 395, 846,                -5, -25, 0,                -82, -112, 48,                bytearray(b's\xb5}\x01\x8b\x01N\x03\xfb\xff\xe7\xff\x00\x00\xae\xff\x90\xff0\x00')
808, -19079, 3, 3                380, 380, 841,                -2, -26, 1,                -97, -115, 51,                bytearray(b'y\xb5|\x01|\x01I\x03\xfe\xff\xe6\xff\x01\x00\x9f\xff\x8d\xff3\x00')
809, -19073, 3, 3                389, 405, 845,                -2, -26, -1,                -84, -112, 49,                bytearray(b'\x7f\xb5\x85\x01\x95\x01M\x03\xfe\xff\xe6\xff\xff\xff\xac\xff\x90\xff1\x00')
810, -19067, 3, 3                383, 398, 841,                -3, -25, 0,                -87, -112, 46,                bytearray(b'\x85\xb5\x7f\x01\x8e\x01I\x03\xfd\xff\xe7\xff\x00\x00\xa9\xff\x90\xff.\x00')
811, -19060, 3, 3                383, 391, 847,                -4, -25, 0,                -102, -115, 46,                bytearray(b'\x8c\xb5\x7f\x01\x87\x01O\x03\xfc\xff\xe7\xff\x00\x00\x9a\xff\x8d\xff.\x00')
812, -19054, 3, 3                388, 397, 846,                -2, -26, -1,                -96, -114, 49,                bytearray(b'\x92\xb5\x84\x01\x8d\x01N\x03\xfe\xff\xe6\xff\xff\xff\xa0\xff\x8e\xff1\x00')
813, -19048, 3, 3                385, 401, 843,                -3, -25, -1,                -90, -114, 51,                bytearray(b'\x98\xb5\x81\x01\x91\x01K\x03\xfd\xff\xe7\xff\xff\xff\xa6\xff\x8e\xff3\x00')
814, -19042, 3, 3                383, 398, 846,                -6, -25, 0,                -96, -118, 48,                bytearray(b'\x9e\xb5\x7f\x01\x8e\x01N\x03\xfa\xff\xe7\xff\x00\x00\xa0\xff\x8a\xff0\x00')
815, -19035, 3, 3                383, 394, 848,                -4, -25, 0,                -87, -111, 49,                bytearray(b'\xa5\xb5\x7f\x01\x8a\x01P\x03\xfc\xff\xe7\xff\x00\x00\xa9\xff\x91\xff1\x00')
816, -19029, 3, 3                386, 396, 842,                -2, -28, 0,                -97, -115, 46,                bytearray(b'\xab\xb5\x82\x01\x8c\x01J\x03\xfe\xff\xe4\xff\x00\x00\x9f\xff\x8d\xff.\x00')
860, -18754, 4, 1                386, 397, 848,                -4, -24, 0,                -91, -117, 42,                bytearray(b'\xbe\xb6\x82\x01\x8d\x01P\x03\xfc\xff\xe8\xff\x00\x00\xa5\xff\x8b\xff*\x00')
861, -18748, 4, 1                380, 392, 842,                -4, -25, 0,                -94, -120, 54,                bytearray(b'\xc4\xb6|\x01\x88\x01J\x03\xfc\xff\xe7\xff\x00\x00\xa2\xff\x88\xff6\x00')
862, -18742, 4, 1                383, 395, 844,                -4, -25, 0,                -94, -112, 48,                bytearray(b'\xca\xb6\x7f\x01\x8b\x01L\x03\xfc\xff\xe7\xff\x00\x00\xa2\xff\x90\xff0\x00')
863, -18735, 4, 1                388, 399, 846,                -4, -25, 0,                -87, -111, 52,                bytearray(b'\xd1\xb6\x84\x01\x8f\x01N\x03\xfc\xff\xe7\xff\x00\x00\xa9\xff\x91\xff4\x00')
864, -18729, 4, 1                383, 395, 845,                -4, -25, 0,                -84, -121, 51,                bytearray(b'\xd7\xb6\x7f\x01\x8b\x01M\x03\xfc\xff\xe7\xff\x00\x00\xac\xff\x87\xff3\x00')
865, -18723, 4, 1                385, 397, 845,                -4, -25, 0,                -99, -121, 54,                bytearray(b'\xdd\xb6\x81\x01\x8d\x01M\x03\xfc\xff\xe7\xff\x00\x00\x9d\xff\x87\xff6\x00')
866, -18717, 4, 1                387, 398, 844,                -4, -25, 0,                -84, -111, 55,                bytearray(b'\xe3\xb6\x83\x01\x8e\x01L\x03\xfc\xff\xe7\xff\x00\x00\xac\xff\x91\xff7\x00')
867, -18710, 4, 1                385, 398, 845,                -4, -25, 0,                -85, -115, 46,                bytearray(b'\xea\xb6\x81\x01\x8e\x01M\x03\xfc\xff\xe7\xff\x00\x00\xab\xff\x8d\xff.\x00')
876, -18654, 4, 2                384, 397, 848,                -4, -25, 0,                -94, -114, 52,                bytearray(b'"\xb7\x80\x01\x8d\x01P\x03\xfc\xff\xe7\xff\x00\x00\xa2\xff\x8e\xff4\x00')
877, -18648, 4, 2                389, 396, 846,                -4, -25, 0,                -99, -114, 58,                bytearray(b'(\xb7\x85\x01\x8c\x01N\x03\xfc\xff\xe7\xff\x00\x00\x9d\xff\x8e\xff:\x00')
878, -18642, 4, 2                386, 403, 846,                -4, -25, 0,                -96, -112, 46,                bytearray(b'.\xb7\x82\x01\x93\x01N\x03\xfc\xff\xe7\xff\x00\x00\xa0\xff\x90\xff.\x00')
879, -18635, 4, 2                383, 398, 845,                -6, -25, 0,                -84, -111, 40,                bytearray(b'5\xb7\x7f\x01\x8e\x01M\x03\xfa\xff\xe7\xff\x00\x00\xac\xff\x91\xff(\x00')
880, -18629, 4, 2                385, 392, 849,                -6, -25, 0,                -102, -111, 46,                bytearray(b';\xb7\x81\x01\x88\x01Q\x03\xfa\xff\xe7\xff\x00\x00\x9a\xff\x91\xff.\x00')
881, -18623, 4, 2                388, 396, 845,                -2, -26, 0,                -94, -112, 52,                bytearray(b'A\xb7\x84\x01\x8c\x01M\x03\xfe\xff\xe6\xff\x00\x00\xa2\xff\x90\xff4\x00')
882, -18617, 4, 2                386, 403, 841,                -4, -25, 0,                -91, -118, 52,                bytearray(b'G\xb7\x82\x01\x93\x01I\x03\xfc\xff\xe7\xff\x00\x00\xa5\xff\x8a\xff4\x00')
891, -18560, 4, 3                394, 402, 850,                -4, -26, 0,                -93, -112, 43,                bytearray(b'\x80\xb7\x8a\x01\x92\x01R\x03\xfc\xff\xe6\xff\x00\x00\xa3\xff\x90\xff+\x00')
892, -18554, 4, 3                383, 392, 843,                -2, -25, 0,                -91, -120, 49,                bytearray(b'\x86\xb7\x7f\x01\x88\x01K\x03\xfe\xff\xe7\xff\x00\x00\xa5\xff\x88\xff1\x00')
893, -18548, 4, 3                384, 404, 840,                -2, -25, 0,                -90, -115, 52,                bytearray(b'\x8c\xb7\x80\x01\x94\x01H\x03\xfe\xff\xe7\xff\x00\x00\xa6\xff\x8d\xff4\x00')
894, -18542, 4, 3                385, 395, 848,                -5, -25, 0,                -87, -115, 52,                bytearray(b'\x92\xb7\x81\x01\x8b\x01P\x03\xfb\xff\xe7\xff\x00\x00\xa9\xff\x8d\xff4\x00')
895, -18535, 4, 3                385, 393, 847,                -2, -25, 0,                -93, -112, 52,                bytearray(b'\x99\xb7\x81\x01\x89\x01O\x03\xfe\xff\xe7\xff\x00\x00\xa3\xff\x90\xff4\x00')
921, -18373, 4, 4                388, 403, 849,                -4, -26, 0,                -91, -114, 51,                bytearray(b';\xb8\x84\x01\x93\x01Q\x03\xfc\xff\xe6\xff\x00\x00\xa5\xff\x8e\xff3\x00')
922, -18367, 4, 4                381, 392, 844,                -4, -25, 0,                -97, -109, 51,                bytearray(b'A\xb8}\x01\x88\x01L\x03\xfc\xff\xe7\xff\x00\x00\x9f\xff\x93\xff3\x00')
923, -18360, 4, 4                386, 398, 843,                -4, -25, 1,                -94, -114, 49,                bytearray(b'H\xb8\x82\x01\x8e\x01K\x03\xfc\xff\xe7\xff\x01\x00\xa2\xff\x8e\xff1\x00')
924, -18354, 4, 4                388, 393, 842,                -5, -25, 0,                -93, -126, 51,                bytearray(b'N\xb8\x84\x01\x89\x01J\x03\xfb\xff\xe7\xff\x00\x00\xa3\xff\x82\xff3\x00')
925, -18348, 4, 4                381, 393, 846,                -4, -25, 0,                -90, -117, 54,                bytearray(b'T\xb8}\x01\x89\x01N\x03\xfc\xff\xe7\xff\x00\x00\xa6\xff\x8b\xff6\x00')
926, -18342, 4, 4                381, 397, 846,                -2, -25, 0,                -91, -118, 48,                bytearray(b'Z\xb8}\x01\x8d\x01N\x03\xfe\xff\xe7\xff\x00\x00\xa5\xff\x8a\xff0\x00')
927, -18335, 4, 4                386, 400, 842,                -4, -26, 0,                -91, -114, 52,                bytearray(b'a\xb8\x82\x01\x90\x01J\x03\xfc\xff\xe6\xff\x00\x00\xa5\xff\x8e\xff4\x00')
928, -18329, 4, 4                388, 398, 843,                -5, -25, 0,                -82, -115, 42,                bytearray(b'g\xb8\x84\x01\x8e\x01K\x03\xfb\xff\xe7\xff\x00\x00\xae\xff\x8d\xff*\x00')
929, -18323, 4, 4                385, 393, 846,                -4, -25, 0,                -91, -115, 49,                bytearray(b'm\xb8\x81\x01\x89\x01N\x03\xfc\xff\xe7\xff\x00\x00\xa5\xff\x8d\xff1\x00')
930, -18317, 4, 4                384, 398, 845,                -3, -25, 0,                -82, -120, 49,                bytearray(b's\xb8\x80\x01\x8e\x01M\x03\xfd\xff\xe7\xff\x00\x00\xae\xff\x88\xff1\x00')
931, -18310, 4, 4                383, 400, 842,                -4, -25, 0,                -97, -115, 40,                bytearray(b'z\xb8\x7f\x01\x90\x01J\x03\xfc\xff\xe7\xff\x00\x00\x9f\xff\x8d\xff(\x00')
932, -18304, 4, 4                384, 396, 846,                -5, -25, 0,                -87, -108, 57,                bytearray(b'\x80\xb8\x80\x01\x8c\x01N\x03\xfb\xff\xe7\xff\x00\x00\xa9\xff\x94\xff9\x00')
933, -18298, 4, 4                388, 394, 845,                -4, -25, 0,                -91, -114, 49,                bytearray(b'\x86\xb8\x84\x01\x8a\x01M\x03\xfc\xff\xe7\xff\x00\x00\xa5\xff\x8e\xff1\x00')
934, -18292, 4, 4                386, 398, 844,                -3, -25, 0,                -88, -114, 46,                bytearray(b'\x8c\xb8\x82\x01\x8e\x01L\x03\xfd\xff\xe7\xff\x00\x00\xa8\xff\x8e\xff.\x00')
935, -18285, 4, 4                382, 399, 845,                -4, -24, 0,                -90, -117, 43,                bytearray(b'\x93\xb8~\x01\x8f\x01M\x03\xfc\xff\xe8\xff\x00\x00\xa6\xff\x8b\xff+\x00')
936, -18279, 4, 4                384, 396, 846,                -5, -25, 0,                -84, -114, 48,                bytearray(b'\x99\xb8\x80\x01\x8c\x01N\x03\xfb\xff\xe7\xff\x00\x00\xac\xff\x8e\xff0\x00')
937, -18273, 4, 4                386, 396, 843,                -4, -26, 0,                -88, -111, 49,                bytearray(b'\x9f\xb8\x82\x01\x8c\x01K\x03\xfc\xff\xe6\xff\x00\x00\xa8\xff\x91\xff1\x00')
938, -18267, 4, 4                387, 399, 843,                -3, -25, 0,                -84, -121, 49,                bytearray(b'\xa5\xb8\x83\x01\x8f\x01K\x03\xfd\xff\xe7\xff\x00\x00\xac\xff\x87\xff1\x00')
939, -18260, 4, 4                384, 396, 845,                -5, -24, 0,                -87, -117, 40,                bytearray(b'\xac\xb8\x80\x01\x8c\x01M\x03\xfb\xff\xe8\xff\x00\x00\xa9\xff\x8b\xff(\x00')
940, -18254, 4, 4                383, 396, 846,                -4, -25, 0,                -94, -118, 57,                bytearray(b'\xb2\xb8\x7f\x01\x8c\x01N\x03\xfc\xff\xe7\xff\x00\x00\xa2\xff\x8a\xff9\x00')
941, -18248, 4, 4                385, 399, 845,                -4, -26, 0,                -85, -121, 54,                bytearray(b'\xb8\xb8\x81\x01\x8f\x01M\x03\xfc\xff\xe6\xff\x00\x00\xab\xff\x87\xff6\x00')
942, -18242, 4, 4                387, 397, 844,                -4, -25, 0,                -91, -112, 51,                bytearray(b'\xbe\xb8\x83\x01\x8d\x01L\x03\xfc\xff\xe7\xff\x00\x00\xa5\xff\x90\xff3\x00')
943, -18235, 4, 4                386, 396, 844,                -4, -24, 0,                -96, -109, 54,                bytearray(b'\xc5\xb8\x82\x01\x8c\x01L\x03\xfc\xff\xe8\xff\x00\x00\xa0\xff\x93\xff6\x00')
944, -18229, 4, 4                383, 398, 844,                -4, -25, 0,                -97, -112, 46,                bytearray(b'\xcb\xb8\x7f\x01\x8e\x01L\x03\xfc\xff\xe7\xff\x00\x00\x9f\xff\x90\xff.\x00')
945, -18223, 4, 4                384, 397, 846,                -4, -25, 0,                -93, -120, 46,                bytearray(b'\xd1\xb8\x80\x01\x8d\x01N\x03\xfc\xff\xe7\xff\x00\x00\xa3\xff\x88\xff.\x00')
946, -18217, 4, 4                386, 396, 844,                -4, -25, 0,                -94, -117, 42,                bytearray(b'\xd7\xb8\x82\x01\x8c\x01L\x03\xfc\xff\xe7\xff\x00\x00\xa2\xff\x8b\xff*\x00')
947, -18210, 4, 4                387, 397, 843,                -4, -25, 0,                -91, -115, 49,                bytearray(b'\xde\xb8\x83\x01\x8d\x01K\x03\xfc\xff\xe7\xff\x00\x00\xa5\xff\x8d\xff1\x00')
948, -18204, 4, 4                384, 397, 846,                -5, -24, 0,                -99, -118, 52,                bytearray(b'\xe4\xb8\x80\x01\x8d\x01N\x03\xfb\xff\xe8\xff\x00\x00\x9d\xff\x8a\xff4\x00')
949, -18198, 4, 4                383, 396, 844,                -4, -25, 0,                -93, -124, 51,                bytearray(b'\xea\xb8\x7f\x01\x8c\x01L\x03\xfc\xff\xe7\xff\x00\x00\xa3\xff\x84\xff3\x00')
950, -18192, 4, 4                385, 397, 844,                -4, -25, 0,                -91, -118, 48,                bytearray(b'\xf0\xb8\x81\x01\x8d\x01L\x03\xfc\xff\xe7\xff\x00\x00\xa5\xff\x8a\xff0\x00')
951, -18185, 4, 4                387, 398, 843,                -4, -25, 0,                -93, -112, 52,                bytearray(b'\xf7\xb8\x83\x01\x8e\x01K\x03\xfc\xff\xe7\xff\x00\x00\xa3\xff\x90\xff4\x00')
952, -18179, 4, 4                386, 397, 843,                -3, -25, 0,                -93, -115, 51,                bytearray(b'\xfd\xb8\x82\x01\x8d\x01K\x03\xfd\xff\xe7\xff\x00\x00\xa3\xff\x8d\xff3\x00')
953, -18173, 4, 4                382, 399, 845,                -4, -25, 0,                -94, -117, 54,                bytearray(b'\x03\xb9~\x01\x8f\x01M\x03\xfc\xff\xe7\xff\x00\x00\xa2\xff\x8b\xff6\x00')
954, -18167, 4, 4                385, 397, 845,                -4, -25, 0,                -85, -112, 54,                bytearray(b'\t\xb9\x81\x01\x8d\x01M\x03\xfc\xff\xe7\xff\x00\x00\xab\xff\x90\xff6\x00')
955, -18160, 4, 4                388, 396, 842,                -4, -25, 0,                -97, -121, 51,                bytearray(b'\x10\xb9\x84\x01\x8c\x01J\x03\xfc\xff\xe7\xff\x00\x00\x9f\xff\x87\xff3\x00')
